id,miinutos,diferecia peso,peso (g),hora,fecha 
X38,0,0.0000,3.2615,07:40,08/04/2026
OZ04,0,0.0000,2.7127,07:45,08/04/2026
FZ20,0,0.0000,2.9636,07:46,08/04/2026
DZ27,0,0.0000,3.0196,07:50,08/04/2026
VZ06,0,0.0000,2.2422,07:51,08/04/2026
X38,20,0.0011,3.24,08:00,08/04/2026
OZ04,20,0.0004,2.7054,08:05,08/04/2026
FZ20,20,0.0014,2.9348,08:06,08/04/2026
DZ27,20,0.0018,2.9836,08:10,08/04/2026
VZ06,20,0.0009,2.224,08:11,08/04/2026
X38,40,0.0018,3.2047,08:20,08/04/2026
OZ04,40,0.0020,2.6645,08:25,08/04/2026
FZ20,40,0.0011,2.9119,08:26,08/04/2026
DZ27,40,0.0014,2.9559,08:30,08/04/2026
VZ06,40,0.0007,2.211,08:31,08/04/2026
X38,60,0.0025,3.1539,08:40,08/04/2026
OZ04,60,0.0010,2.6443,08:45,08/04/2026
FZ20,60,0.0011,2.8893,08:46,08/04/2026
DZ27,60,0.0013,2.9297,08:50,08/04/2026
VZ06,60,0.0007,2.1965,08:51,08/04/2026
X38,80,0.0016,3.1227,09:00,08/04/2026
OZ04,80,0.0008,2.6274,09:05,08/04/2026
FZ20,80,0.0010,2.8694,09:06,08/04/2026
DZ27,80,0.0013,2.904,09:10,08/04/2026
VZ06,80,0.0007,2.1833,09:11,08/04/2026
X38,100,0.0014,3.0939,09:20,08/04/2026
OZ04,100,0.0008,2.6106,09:25,08/04/2026
FZ20,100,0.0009,2.8505,09:26,08/04/2026
DZ27,100,0.0014,2.8762,09:30,08/04/2026
VZ06,100,0.0006,2.1709,09:31,08/04/2026
X38,120,0.0012,3.0693,09:40,08/04/2026
OZ04,120,0.0008,2.5942,09:45,08/04/2026
FZ20,120,0.0009,2.8319,09:46,08/04/2026
DZ27,120,0.0013,2.8494,09:50,08/04/2026
VZ06,120,0.0006,2.1582,09:51,08/04/2026
X38,140,0.0012,3.0456,10:00,08/04/2026
OZ04,140,0.0009,2.5765,10:05,08/04/2026
FZ20,140,0.0008,2.8159,10:06,08/04/2026
DZ27,140,0.0012,2.8257,10:10,08/04/2026
VZ06,140,0.0006,2.1462,10:11,08/04/2026
X38,160,0.0012,3.0212,10:20,08/04/2026
OZ04,160,0.0012,2.5533,10:25,08/04/2026
FZ20,160,0.0009,2.7984,10:26,08/04/2026
DZ27,160,0.0011,2.8046,10:30,08/04/2026
VZ06,160,0.0005,2.1353,10:31,08/04/2026
X38,180,0.0012,2.997,10:40,08/04/2026
OZ04,180,0.0008,2.5365,10:45,08/04/2026
FZ20,180,0.0008,2.7819,10:46,08/04/2026
DZ27,180,0.0009,2.7875,10:50,08/04/2026
VZ06,180,0.0005,2.1258,10:51,08/04/2026
X38,200,0.0013,2.9717,11:00,08/04/2026
OZ04,200,0.0008,2.5206,11:05,08/04/2026
FZ20,200,0.0007,2.7677,11:06,08/04/2026
DZ27,200,0.0012,2.7635,11:10,08/04/2026
VZ06,200,0.0006,2.1129,11:11,08/04/2026
X38,220,0.0011,2.9493,11:20,08/04/2026
OZ04,220,0.0008,2.504,11:25,08/04/2026
FZ20,220,0.0008,2.7513,11:26,08/04/2026
DZ27,220,0.0010,2.743,11:30,08/04/2026
VZ06,220,0.0006,2.1013,11:31,08/04/2026
X38,240,0.0012,2.9248,11:40,08/04/2026
OZ04,240,0.0009,2.4853,11:45,08/04/2026
FZ20,240,0.0007,2.7364,11:46,08/04/2026
DZ27,240,0.0010,2.7233,11:50,08/04/2026
VZ06,240,0.0006,2.0896,11:51,08/04/2026
X38,260,0.0013,2.899,12:00,08/04/2026
OZ04,260,0.0008,2.4696,12:05,08/04/2026
FZ20,260,0.0007,2.7226,12:06,08/04/2026
DZ27,260,0.0011,2.7007,12:10,08/04/2026
VZ06,260,0.0006,2.0778,12:11,08/04/2026
X38,280,0.0012,2.8749,12:20,08/04/2026
OZ04,280,0.0008,2.4527,12:25,08/04/2026
FZ20,280,0.0007,2.7081,12:26,08/04/2026
DZ27,280,0.0009,2.6817,12:30,08/04/2026
VZ06,280,0.0005,2.0668,12:31,08/04/2026
X38,300,0.0012,2.8509,12:40,08/04/2026
OZ04,300,0.0008,2.4366,12:45,08/04/2026
FZ20,300,0.0006,2.6952,12:46,08/04/2026
DZ27,300,0.0010,2.6619,12:50,08/04/2026
VZ06,300,0.0005,2.056,12:51,08/04/2026
X38,320,0.0013,2.8252,13:00,08/04/2026
OZ04,320,0.0007,2.4222,13:05,08/04/2026
FZ20,320,0.0006,2.6826,13:06,08/04/2026
DZ27,320,0.0011,2.6402,13:10,08/04/2026
VZ06,320,0.0006,2.0437,13:11,08/04/2026
X38,340,0.0013,2.7991,13:20,08/04/2026
OZ04,340,0.0009,2.4052,13:25,08/04/2026
FZ20,340,0.0007,2.6693,13:26,08/04/2026
DZ27,340,0.0008,2.624,13:30,08/04/2026
VZ06,340,0.0005,2.0333,13:31,08/04/2026
X38,360,0.0011,2.7777,13:40,08/04/2026
OZ04,360,0.0007,2.3909,13:45,08/04/2026
FZ20,360,0.0006,2.6572,13:46,08/04/2026
DZ27,360,0.0009,2.6069,13:50,08/04/2026
VZ06,360,0.0005,2.0238,13:51,08/04/2026
X38,380,0.0013,2.7514,14:00,08/04/2026
OZ04,380,0.0007,2.3761,14:05,08/04/2026
FZ20,380,0.0006,2.645,14:06,08/04/2026
DZ27,380,0.0009,2.5894,14:10,08/04/2026
VZ06,380,0.0005,2.0135,14:11,08/04/2026
X38,400,0.0013,2.7263,14:20,08/04/2026
OZ04,400,0.0007,2.3617,14:25,08/04/2026
FZ20,400,0.0006,2.6326,14:26,08/04/2026
DZ27,400,0.0007,2.5747,14:30,08/04/2026
VZ06,400,0.0005,2.0039,14:31,08/04/2026
Q36,0,0.0000,2.7172,07:54,10/04/2026
W08,0,0.0000,4.6805,07:56,10/04/2026
T16,0,0.0000,3.1542,07:56,10/04/2026
RZ04,0,0.0000,2.6152,08:02,10/04/2026
HZ04,0,0.0000,2.4081,08:05,10/04/2026
BZ07,0,0.0000,3.62,08:07,10/04/2026
VZ01,0,0.0000,2.9916,08:08,10/04/2026
Q36,20,0.0024,2.67,08:14,10/04/2026
W08,20,0.0034,4.6116,08:16,10/04/2026
T16,20,0.0033,3.0879,08:16,10/04/2026
RZ04,20,0.0010,2.5951,08:22,10/04/2026
HZ04,20,0.0010,2.3877,08:25,10/04/2026
BZ07,20,0.0017,3.5859,08:27,10/04/2026
VZ01,20,0.0014,2.9629,08:28,10/04/2026
Q36,40,0.0019,2.6329,08:34,10/04/2026
W08,40,0.0027,4.5584,08:36,10/04/2026
T16,40,0.0024,3.04,08:36,10/04/2026
RZ04,40,0.0010,2.5759,08:42,10/04/2026
HZ04,40,0.0011,2.3656,08:45,10/04/2026
BZ07,40,0.0017,3.5517,08:47,10/04/2026
VZ01,40,0.0013,2.937,08:48,10/04/2026
Q36,60,0.0020,2.5922,08:54,10/04/2026
W08,60,0.0029,4.5012,08:56,10/04/2026
T16,60,0.0024,2.9924,08:56,10/04/2026
RZ04,60,0.0009,2.557,09:02,10/04/2026
HZ04,60,0.0009,2.3482,09:05,10/04/2026
BZ07,60,0.0016,3.5201,09:07,10/04/2026
VZ01,60,0.0011,2.9155,09:08,10/04/2026
Q36,80,0.0018,2.556,09:14,10/04/2026
W08,80,0.0030,4.442,09:16,10/04/2026
T16,80,0.0021,2.9508,09:16,10/04/2026
RZ04,80,0.0010,2.5364,09:22,10/04/2026
HZ04,80,0.0010,2.3283,09:25,10/04/2026
BZ07,80,0.0016,3.4886,09:27,10/04/2026
VZ01,80,0.0010,2.8948,09:28,10/04/2026
Q36,100,0.0017,2.522,09:34,10/04/2026
W08,100,0.0038,4.3654,09:36,10/04/2026
T16,100,0.0021,2.9081,09:36,10/04/2026
RZ04,100,0.0008,2.5195,09:42,10/04/2026
HZ04,100,0.0009,2.3105,09:45,10/04/2026
BZ07,100,0.0016,3.4559,09:47,10/04/2026
VZ01,100,0.0009,2.8766,09:48,10/04/2026
Q36,120,0.0017,2.488,09:54,10/04/2026
W08,120,0.0030,4.3057,09:56,10/04/2026
T16,120,0.0020,2.8679,09:56,10/04/2026
RZ04,120,0.0009,2.5016,10:02,10/04/2026
HZ04,120,0.0009,2.2919,10:05,10/04/2026
BZ07,120,0.0016,3.4245,10:07,10/04/2026
VZ01,120,0.0009,2.8582,10:08,10/04/2026
Q36,140,0.0016,2.4559,10:14,10/04/2026
W08,140,0.0027,4.2526,10:16,10/04/2026
T16,140,0.0004,2.8599,10:16,10/04/2026
RZ04,140,0.0009,2.4838,10:22,10/04/2026
HZ04,140,0.0008,2.2753,10:25,10/04/2026
BZ07,140,0.0016,3.3916,10:27,10/04/2026
VZ01,140,0.0009,2.8407,10:28,10/04/2026
Q36,160,0.0014,2.4278,10:34,10/04/2026
W08,160,0.0023,4.2076,10:36,10/04/2026
T16,160,0.0032,2.7963,10:36,10/04/2026
RZ04,160,0.0010,2.4644,10:42,10/04/2026
HZ04,160,0.0009,2.2569,10:45,10/04/2026
BZ07,160,0.0015,3.3617,10:47,10/04/2026
VZ01,160,0.0009,2.8235,10:48,10/04/2026
Q36,180,0.0016,2.3955,10:54,10/04/2026
W08,180,0.0025,4.1575,10:56,10/04/2026
T16,180,0.0018,2.7603,10:56,10/04/2026
RZ04,180,0.0008,2.4475,11:02,10/04/2026
HZ04,180,0.0008,2.2405,11:05,10/04/2026
BZ07,180,0.0017,3.3272,11:07,10/04/2026
VZ01,180,0.0010,2.8042,11:08,10/04/2026
Q36,200,0.0017,2.361,11:14,10/04/2026
W08,200,0.0025,4.1082,11:16,10/04/2026
T16,200,0.0020,2.721,11:16,10/04/2026
RZ04,200,0.0009,2.4289,11:22,10/04/2026
HZ04,200,0.0008,2.2236,11:25,10/04/2026
BZ07,200,0.0016,3.2958,11:27,10/04/2026
VZ01,200,0.0009,2.787,11:28,10/04/2026
Q36,220,0.0017,2.328,11:34,10/04/2026
W08,220,0.0026,4.0563,11:36,10/04/2026
T16,220,0.0020,2.6809,11:36,10/04/2026
RZ04,220,0.0009,2.4105,11:42,10/04/2026
HZ04,220,0.0008,2.2083,11:45,10/04/2026
BZ07,220,0.0016,3.2641,11:47,10/04/2026
VZ01,220,0.0009,2.7691,11:48,10/04/2026
V14,0,0.00000,1.4164,08:07,17/04/2026
RZ19,0,0.00000,1.1618,08:09,17/04/2026
BZ06,0,0.00000,3.2391,08:10,17/04/2026
VZ26,0,0.00000,0.9945,08:12,17/04/2026
FZ01,0,0.00000,2.7959,08:13,17/04/2026
S38,0,0.00000,1.9234,08:16,17/04/2026
T30,0,0.00000,3.1175,08:17,17/04/2026
V14,20,0.00100,1.3965,08:27,17/04/2026
RZ19,20,0.00052,1.1514,08:29,17/04/2026
BZ06,20,0.00141,3.2109,08:30,17/04/2026
VZ26,20,0.00093,0.9759,08:32,17/04/2026
FZ01,20,0.00116,2.7726,08:33,17/04/2026
S38,20,0.00134,1.8966,08:36,17/04/2026
T30,20,0.00134,3.0908,08:37,17/04/2026
V14,40,0.00100,1.3766,08:47,17/04/2026
RZ19,40,0.00050,1.1415,08:49,17/04/2026
BZ06,40,0.00136,3.1838,08:50,17/04/2026
VZ26,40,0.00091,0.9577,08:52,17/04/2026
FZ01,40,0.00133,2.7461,08:53,17/04/2026
S38,40,0.00126,1.8714,08:56,17/04/2026
T30,40,0.00127,3.0655,08:57,17/04/2026
V14,60,0.00091,1.3583,09:07,17/04/2026
RZ19,60,0.00044,1.1327,09:09,17/04/2026
BZ06,60,0.00132,3.1575,09:10,17/04/2026
VZ26,60,0.00084,0.941,09:12,17/04/2026
FZ01,60,0.00085,2.7291,09:13,17/04/2026
S38,60,0.00125,1.8465,09:16,17/04/2026
T30,60,0.00133,3.039,09:17,17/04/2026
V14,80,0.00089,1.3406,09:27,17/04/2026
RZ19,80,0.00046,1.1235,09:29,17/04/2026
BZ06,80,0.00126,3.1324,09:30,17/04/2026
VZ26,80,0.00079,0.9252,09:32,17/04/2026
FZ01,80,0.00102,2.7086,09:33,17/04/2026
S38,80,0.00143,1.8179,09:36,17/04/2026
T30,80,0.00148,3.0095,09:37,17/04/2026
V14,100,0.00093,1.3219,09:47,17/04/2026
RZ19,100,0.00045,1.1144,09:49,17/04/2026
BZ06,100,0.00133,3.1059,09:50,17/04/2026
VZ26,100,0.00079,0.9095,09:52,17/04/2026
FZ01,100,0.00101,2.6885,09:53,17/04/2026
S38,100,0.00120,1.794,09:56,17/04/2026
T30,100,0.00161,2.9774,09:57,17/04/2026
V14,120,0.00093,1.3033,10:07,17/04/2026
RZ19,120,0.00044,1.1056,10:09,17/04/2026
BZ06,120,0.00126,3.0807,10:10,17/04/2026
VZ26,120,0.00080,0.8936,10:12,17/04/2026
FZ01,120,0.00097,2.6691,10:13,17/04/2026
S38,120,0.00106,1.7729,10:16,17/04/2026
T30,120,0.00162,2.9449,10:17,17/04/2026
V14,140,0.00085,1.2863,10:27,17/04/2026
RZ19,140,0.00042,1.0971,10:29,17/04/2026
BZ06,140,0.00116,3.0576,10:30,17/04/2026
VZ26,140,0.00063,0.881,10:32,17/04/2026
FZ01,140,0.00082,2.6527,10:33,17/04/2026
S38,140,0.00104,1.7521,10:36,17/04/2026
T30,140,0.00117,2.9215,10:37,17/04/2026
V14,160,0.00079,1.2706,10:47,17/04/2026
RZ19,160,0.00043,1.0884,10:49,17/04/2026
BZ06,160,0.00109,3.0358,10:50,17/04/2026
VZ26,160,0.00075,0.8661,10:52,17/04/2026
FZ01,160,0.00093,2.634,10:53,17/04/2026
S38,160,0.00105,1.731,10:56,17/04/2026
T30,160,0.00112,2.8992,10:57,17/04/2026
V14,180,0.00090,1.2526,11:07,17/04/2026
RZ19,180,0.00041,1.0801,11:09,17/04/2026
BZ06,180,0.00096,3.0166,11:10,17/04/2026
VZ26,180,0.00068,0.8524,11:12,17/04/2026
FZ01,180,0.00083,2.6174,11:13,17/04/2026
S38,180,0.00093,1.7124,11:16,17/04/2026
T30,180,0.00102,2.8788,11:17,17/04/2026
V14,200,0.00078,1.2369,11:27,17/04/2026
RZ19,200,0.00038,1.0726,11:29,17/04/2026
BZ06,200,0.00093,2.998,11:30,17/04/2026
VZ26,200,0.00072,0.8381,11:32,17/04/2026
FZ01,200,0.00085,2.6005,11:33,17/04/2026
S38,200,0.00096,1.6932,11:36,17/04/2026
T30,200,0.00107,2.8575,11:37,17/04/2026
V14,220,0.00079,1.2211,11:47,17/04/2026
RZ19,220,0.00046,1.0635,11:49,17/04/2026
BZ06,220,0.00099,2.9783,11:50,17/04/2026
VZ26,220,0.00064,0.8252,11:52,17/04/2026
FZ01,220,0.00074,2.5856,11:53,17/04/2026
S38,220,0.00102,1.6728,11:56,17/04/2026
T30,220,0.00107,2.8361,11:57,17/04/2026
V14,240,0.00080,1.2051,12:07,17/04/2026
RZ19,240,0.00040,1.0555,12:09,17/04/2026
BZ06,240,0.00099,2.9585,12:10,17/04/2026
VZ26,240,0.00067,0.8118,12:12,17/04/2026
FZ01,240,0.00075,2.5705,12:13,17/04/2026
S38,240,0.00088,1.6552,12:16,17/04/2026
T30,240,0.00091,2.8178,12:17,17/04/2026
V14,260,0.0008,1.1889,12:27,17/04/2026
RZ19,260,0.0004,1.0479,12:29,17/04/2026
BZ06,260,0.0009,2.9396,12:30,17/04/2026
VZ26,260,0.0006,0.8002,12:32,17/04/2026
FZ01,260,0.0006,2.5578,12:33,17/04/2026
S38,260,0.0010,1.635,12:36,17/04/2026
T30,260,0.0010,2.7984,12:37,17/04/2026
V14,280,0.0008,1.1732,12:47,17/04/2026
RZ19,280,0.0004,1.0407,12:49,17/04/2026
BZ06,280,0.0008,2.923,12:50,17/04/2026
VZ26,280,0.0006,0.7877,12:52,17/04/2026
FZ01,280,0.0007,2.5428,12:53,17/04/2026
S38,280,0.0010,1.6154,12:56,17/04/2026
T30,280,0.0011,2.7757,12:57,17/04/2026
V14,300,0.0007,1.1584,13:07,17/04/2026
RZ19,300,0.0004,1.0328,13:09,17/04/2026
BZ06,300,0.0009,2.9045,13:10,17/04/2026
VZ26,300,0.0006,0.7755,13:12,17/04/2026
FZ01,300,0.0007,2.5279,13:13,17/04/2026
S38,300,0.0010,1.5961,13:16,17/04/2026
T30,300,0.0008,2.759,13:17,17/04/2026
DZ20,0,0.00197,2.4342,07:50,14/04/2026
OZ20,0,0.00196,2.8196,07:51,14/04/2026
VZ28,0,0.00200,2.4992,07:51,14/04/2026
FZ05,0,0.00037,3.193,07:52,14/04/2026
V20,0,0.00122,2.6243,07:52,14/04/2026
T29,0,0.00067,3.4915,07:52,14/04/2026
Q29,0,0.00077,2.1545,07:53,14/04/2026
DZ20,20,0.00166,2.401,08:10,14/04/2026
OZ20,20,0.00185,2.7826,08:11,14/04/2026
VZ28,20,0.00201,2.459,08:11,14/04/2026
FZ05,20,0.00126,3.1678,08:12,14/04/2026
V20,20,0.00262,2.5718,08:12,14/04/2026
T29,20,0.00179,3.4556,08:12,14/04/2026
Q29,20,0.00181,2.1183,08:13,14/04/2026
DZ20,40,0.00113,2.3784,08:30,14/04/2026
OZ20,40,0.00117,2.7591,08:31,14/04/2026
VZ28,40,0.00114,2.4362,08:31,14/04/2026
FZ05,40,0.00100,3.1478,08:32,14/04/2026
V20,40,0.00306,2.5106,08:32,14/04/2026
T29,40,0.00134,3.4289,08:32,14/04/2026
Q29,40,0.00155,2.0873,08:33,14/04/2026
DZ20,60,0.00132,2.3521,08:50,14/04/2026
OZ20,60,0.00113,2.7366,08:51,14/04/2026
VZ28,60,0.00124,2.4113,08:51,14/04/2026
FZ05,60,0.00100,3.1279,08:52,14/04/2026
V20,60,0.00294,2.4518,08:52,14/04/2026
T29,60,0.00136,3.4018,08:52,14/04/2026
Q29,60,0.00180,2.0513,08:53,14/04/2026
DZ20,80,0.00121,2.3279,09:10,14/04/2026
OZ20,80,0.00108,2.715,09:11,14/04/2026
VZ28,80,0.00118,2.3877,09:11,14/04/2026
FZ05,80,0.00135,3.1009,09:12,14/04/2026
V20,80,0.00124,2.4271,09:12,14/04/2026
T29,80,0.00234,3.355,09:12,14/04/2026
Q29,80,0.00182,2.0148,09:13,14/04/2026
DZ20,100,0.00101,2.3078,09:30,14/04/2026
OZ20,100,0.00090,2.6971,09:31,14/04/2026
VZ28,100,0.00110,2.3658,09:31,14/04/2026
FZ05,100,0.00166,3.0677,09:32,14/04/2026
V20,100,0.00091,2.4089,09:32,14/04/2026
T29,100,0.00322,3.2905,09:32,14/04/2026
Q29,100,0.00153,1.9842,09:33,14/04/2026
DZ20,120,0.00096,2.2886,09:50,14/04/2026
OZ20,120,0.00096,2.6779,09:51,14/04/2026
VZ28,120,0.00106,2.3446,09:51,14/04/2026
FZ05,120,0.00159,3.0359,09:52,14/04/2026
V20,120,0.00074,2.3941,09:52,14/04/2026
T29,120,0.00107,3.2691,09:52,14/04/2026
Q29,120,0.00140,1.9563,09:53,14/04/2026
DZ20,140,0.00095,2.2696,10:10,14/04/2026
OZ20,140,0.00105,2.657,10:11,14/04/2026
VZ28,140,0.00116,2.3215,10:11,14/04/2026
FZ05,140,0.00134,3.0091,10:12,14/04/2026
V20,140,0.00091,2.376,10:12,14/04/2026
T29,140,0.00116,3.246,10:12,14/04/2026
Q29,140,0.00156,1.9252,10:13,14/04/2026
DZ20,160,0.00095,2.2505,10:30,14/04/2026
OZ20,160,0.00104,2.6363,10:31,14/04/2026
VZ28,160,0.00108,2.2999,10:31,14/04/2026
FZ05,160,0.00097,2.9898,10:32,14/04/2026
V20,160,0.00079,2.3601,10:32,14/04/2026
T29,160,0.00102,3.2257,10:32,14/04/2026
Q29,160,0.00145,1.8963,10:33,14/04/2026
DZ20,180,0.00092,2.2321,10:50,14/04/2026
OZ20,180,0.00099,2.6165,10:51,14/04/2026
VZ28,180,0.00104,2.2791,10:51,14/04/2026
FZ05,180,0.00088,2.9721,10:52,14/04/2026
V20,180,0.00084,2.3434,10:52,14/04/2026
T29,180,0.00106,3.2044,10:52,14/04/2026
Q29,180,0.00142,1.868,10:53,14/04/2026
DZ20,200,0.00093,2.2135,11:10,14/04/2026
OZ20,200,0.00099,2.5966,11:11,14/04/2026
VZ28,200,0.00115,2.2562,11:11,14/04/2026
FZ05,200,0.00095,2.9532,11:12,14/04/2026
V20,200,0.00089,2.3256,11:12,14/04/2026
T29,200,0.00111,3.1823,11:12,14/04/2026
Q29,200,0.00155,1.837,11:13,14/04/2026
DZ20,220,0.00095,2.1945,11:30,14/04/2026
OZ20,220,0.00094,2.5778,11:31,14/04/2026
VZ28,220,0.00091,2.238,11:31,14/04/2026
FZ05,220,0.00075,2.9381,11:32,14/04/2026
V20,220,0.00062,2.3132,11:32,14/04/2026
T29,220,0.00087,3.165,11:32,14/04/2026
Q29,220,0.00113,1.8145,11:33,14/04/2026
DZ20,240,0.00088,2.1769,11:50,14/04/2026
OZ20,240,0.00094,2.559,11:51,14/04/2026
VZ28,240,0.00097,2.2185,11:51,14/04/2026
FZ05,240,0.00108,2.9166,11:52,14/04/2026
V20,240,0.00083,2.2966,11:52,14/04/2026
T29,240,0.00103,3.1445,11:52,14/04/2026
Q29,240,0.00139,1.7868,11:53,14/04/2026
EZ14,0,0,2.9006,12:05,20/04/2026
S24,0,0,1.6086,12:06,20/04/2026
X42,0,0,2.0996,12:06,20/04/2026
RZ03,0,0,1.9391,12:07,20/04/2026
UZ20,0,0,0.8764,12:07,20/04/2026
JZ18,0,0,3.7204,12:07,20/04/2026
R25,0,0,1.696,12:08,20/04/2026
EZ14,20,0.00211,2.8585,12:25,20/04/2026
S24,20,0.00120,1.5846,12:26,20/04/2026
X42,20,0.00110,2.0776,12:26,20/04/2026
RZ03,20,0.00091,1.921,12:27,20/04/2026
UZ20,20,0.00047,0.8669,12:27,20/04/2026
JZ18,20,0.00104,3.6997,12:27,20/04/2026
R25,20,0.00117,1.6725,12:28,20/04/2026
EZ14,40,0.00191,2.8203,12:45,20/04/2026
S24,40,0.00119,1.5608,12:46,20/04/2026
X42,40,0.00104,2.0567,12:46,20/04/2026
RZ03,40,0.00097,1.9016,12:47,20/04/2026
UZ20,40,0.00049,0.8572,12:47,20/04/2026
JZ18,40,0.00097,3.6803,12:47,20/04/2026
R25,40,0.00115,1.6495,12:48,20/04/2026
EZ14,60,0.00201,2.7802,13:05,20/04/2026
S24,60,0.00114,1.5381,13:06,20/04/2026
X42,60,0.00118,2.0331,13:06,20/04/2026
RZ03,60,0.00093,1.883,13:07,20/04/2026
UZ20,60,0.00046,0.8479,13:07,20/04/2026
JZ18,60,0.00101,3.66,13:07,20/04/2026
R25,60,0.00112,1.6271,13:08,20/04/2026
EZ14,80,0.00166,2.747,13:25,20/04/2026
S24,80,0.00104,1.5174,13:26,20/04/2026
X42,80,0.00131,2.007,13:26,20/04/2026
RZ03,80,0.00097,1.8636,13:27,20/04/2026
UZ20,80,0.00041,0.8396,13:27,20/04/2026
JZ18,80,0.00095,3.641,13:27,20/04/2026
R25,80,0.00103,1.6065,13:28,20/04/2026
EZ14,100,0.00177,2.7116,13:45,20/04/2026
S24,100,0.00097,1.4981,13:46,20/04/2026
X42,100,0.00130,1.981,13:46,20/04/2026
RZ03,100,0.00086,1.8464,13:47,20/04/2026
UZ20,100,0.00053,0.8291,13:47,20/04/2026
JZ18,100,0.00088,3.6235,13:47,20/04/2026
R25,100,0.00104,1.5857,13:48,20/04/2026
EZ14,120,0.00163,2.679,14:05,20/04/2026
S24,120,0.00102,1.4777,14:06,20/04/2026
X42,120,0.00125,1.9561,14:06,20/04/2026
RZ03,120,0.00088,1.8288,14:07,20/04/2026
UZ20,120,0.00039,0.8212,14:07,20/04/2026
JZ18,120,0.00102,3.603,14:07,20/04/2026
R25,120,0.00108,1.5641,14:08,20/04/2026
EZ14,140,0.00168,2.6454,14:25,20/04/2026
S24,140,0.00104,1.4569,14:26,20/04/2026
X42,140,0.00091,1.9379,14:26,20/04/2026
RZ03,140,0.00095,1.8097,14:27,20/04/2026
UZ20,140,0.00044,0.8125,14:27,20/04/2026
JZ18,140,0.00090,3.585,14:27,20/04/2026
R25,140,0.00092,1.5456,14:28,20/04/2026
EZ14,160,0.00187,2.6081,14:45,20/04/2026
S24,160,0.00100,1.437,14:46,20/04/2026
X42,160,0.00092,1.9194,14:46,20/04/2026
RZ03,160,0.00084,1.7929,14:47,20/04/2026
UZ20,160,0.00043,0.8039,14:47,20/04/2026
JZ18,160,0.00091,3.5669,14:47,20/04/2026
R25,160,0.00099,1.5258,14:48,20/04/2026
EZ14,180,0.00126,2.5829,15:05,20/04/2026
S24,180,0.00086,1.4199,15:06,20/04/2026
X42,180,0.00111,1.8973,15:06,20/04/2026
RZ03,180,0.00078,1.7773,15:07,20/04/2026
UZ20,180,0.00041,0.7957,15:07,20/04/2026
JZ18,180,0.00085,3.55,15:07,20/04/2026
R25,180,0.00093,1.5071,15:08,20/04/2026
EZ14,200,0.00154,2.5521,15:25,20/04/2026
S24,200,0.00091,1.4016,15:26,20/04/2026
X42,200,0.00099,1.8775,15:26,20/04/2026
RZ03,200,0.00082,1.7609,15:27,20/04/2026
UZ20,200,0.00041,0.7874,15:27,20/04/2026
JZ18,200,0.00083,3.5333,15:27,20/04/2026
R25,200,0.0009,1.4894,15:28,20/04/2026
EZ14,220,0.0016,2.521,15:45,20/04/2026
S24,220,0.00091,1.3835,15:46,20/04/2026
X42,220,0.0010,1.8577,15:46,20/04/2026
RZ03,220,0.0008,1.7445,15:47,20/04/2026
UZ20,220,0.0004,0.7795,15:47,20/04/2026
JZ18,220,0.0009,3.5162,15:47,20/04/2026
R25,220,0.0010,1.4691,15:48,20/04/2026
EZ14,240,0.0014,2.493,16:05,20/04/2026
S24,240,0.00091,1.3652,16:06,20/04/2026
X42,240,0.0010,1.8373,16:06,20/04/2026
RZ03,240,0.0008,1.7275,16:07,20/04/2026
UZ20,240,0.0004,0.771,16:07,20/04/2026
JZ18,240,0.0009,3.4988,16:07,20/04/2026
R25,240,0.0008,1.4525,16:08,20/04/2026
EZ14,260,0.0015,2.4634,16:25,20/04/2026
S24,260,0.0009,1.3468,16:26,20/04/2026
X42,260,0.0011,1.8163,16:26,20/04/2026
RZ03,260,0.0008,1.7125,16:27,20/04/2026
UZ20,260,0.0003,0.7642,16:27,20/04/2026
JZ18,260,0.0008,3.4834,16:27,20/04/2026
R25,260,0.0009,1.4342,16:28,20/04/2026
PZ03,0,0,2.3,16:27,22/04/2026
U53,0,0,3.2515,16:27,22/04/2026
X03,0,0,2.3979,16:28,22/04/2026
Q35,0,0,2.8245,16:45,22/04/2026
R21,0,0,2.3529,16:46,22/04/2026
Z14,0,0,2.5215,16:46,22/04/2026
PZ08,0,0,1.5781,16:47,22/04/2026
HZ19,0,0,2.1807,16:47,22/04/2026
VZ29,0,0,1.6677,16:47,22/04/2026
S46,0,0,1.4547,16:48,22/04/2026
PZ03,20,0.0008,2.2846,16:47,22/04/2026
U53,20,0.0015,3.222,16:47,22/04/2026
X03,20,0.0009,2.3802,16:48,22/04/2026
Q35,20,0.00112,2.8021,17:05,22/04/2026
R21,20,0.0008,2.3364,17:06,22/04/2026
Z14,20,0.0016,2.4887,17:06,22/04/2026
PZ08,20,0.0007,1.5646,17:07,22/04/2026
HZ19,20,0.0009,2.162,17:07,22/04/2026
VZ29,20,0.0014,1.6403,17:07,22/04/2026
S46,20,0.0016,1.4223,17:08,22/04/2026
PZ03,40,0.0007,2.2698,17:07,22/04/2026
U53,40,0.0017,3.1888,17:07,22/04/2026
X03,40,0.0010,2.361,17:08,22/04/2026
Q35,40,0.00115,2.7791,17:25,22/04/2026
R21,40,0.0011,2.315,17:26,22/04/2026
Z14,40,0.0018,2.4518,17:26,22/04/2026
PZ08,40,0.0007,1.5512,17:27,22/04/2026
HZ19,40,0.0009,2.1448,17:27,22/04/2026
VZ29,40,0.0019,1.6027,17:27,22/04/2026
S46,40,0.0014,1.3937,17:28,22/04/2026
PZ03,60,0.0006,2.2569,17:27,22/04/2026
U53,60,0.0021,3.1473,17:27,22/04/2026
X03,60,0.0013,2.3358,17:28,22/04/2026
Q35,60,0.00129,2.7533,17:45,22/04/2026
R21,60,0.0011,2.2926,17:46,22/04/2026
Z14,60,0.0018,2.4152,17:46,22/04/2026
PZ08,60,0.0007,1.5378,17:47,22/04/2026
HZ19,60,0.0008,2.1287,17:47,22/04/2026
VZ29,60,0.0012,1.5782,17:47,22/04/2026
S46,60,0.0014,1.3666,17:48,22/04/2026
PZ03,80,0.0008,2.2411,17:47,22/04/2026
U53,80,0.0032,3.0842,17:47,22/04/2026
X03,80,0.0020,2.2966,17:48,22/04/2026
Q35,80,0.00126,2.728,18:05,22/04/2026
R21,80,0.0009,2.2742,18:06,22/04/2026
Z14,80,0.0015,2.3858,18:06,22/04/2026
PZ08,80,0.0006,1.5258,18:07,22/04/2026
HZ19,80,0.0009,2.1113,18:07,22/04/2026
VZ29,80,0.0012,1.5535,18:07,22/04/2026
S46,80,0.0014,1.3396,18:08,22/04/2026
PZ03,100,0.0007,2.2272,18:07,22/04/2026
U53,100,0.0016,3.0513,18:07,22/04/2026
X03,100,0.0016,2.2646,18:08,22/04/2026
Q35,100,0.00108,2.7064,18:25,22/04/2026
R21,100,0.0007,2.2593,18:26,22/04/2026
Z14,100,0.0013,2.3592,18:26,22/04/2026
PZ08,100,0.0006,1.5136,18:27,22/04/2026
HZ19,100,0.0009,2.0938,18:27,22/04/2026
VZ29,100,0.0012,1.5293,18:27,22/04/2026
S46,100,0.0013,1.3128,18:28,22/04/2026
PZ03,120,0.0007,2.2122,18:27,22/04/2026
U53,120,0.0016,3.0195,18:27,22/04/2026
X03,120,0.0007,2.2497,18:28,22/04/2026
Q35,120,0.00097,2.6869,18:45,22/04/2026
R21,120,0.0007,2.2462,18:46,22/04/2026
Z14,120,0.0013,2.3323,18:46,22/04/2026
PZ08,120,0.0006,1.5013,18:47,22/04/2026
HZ19,120,0.0008,2.0786,18:47,22/04/2026
VZ29,120,0.0011,1.5075,18:47,22/04/2026
S46,120,0.0012,1.2882,18:48,22/04/2026
PZ03,140,0.0008,2.196,18:47,22/04/2026
U53,140,0.0014,2.9913,18:47,22/04/2026
X03,140,0.0006,2.2369,18:48,22/04/2026
Q35,140,0.00077,2.6715,19:05,22/04/2026
R21,140,0.0006,2.2347,19:06,22/04/2026
Z14,140,0.0013,2.3056,19:06,22/04/2026
PZ08,140,0.0006,1.49,19:07,22/04/2026
HZ19,140,0.0008,2.062,19:07,22/04/2026
VZ29,140,0.0011,1.4859,19:07,22/04/2026
S46,140,0.0012,1.2646,19:08,22/04/2026
PZ03,160,0.0007,2.183,19:07,22/04/2026
U53,160,0.0013,2.9643,19:07,22/04/2026
X03,160,0.0007,2.2235,19:08,22/04/2026
Q35,160,0.00089,2.6538,19:25,22/04/2026
R21,160,0.0006,2.2222,19:26,22/04/2026
Z14,160,0.0013,2.279,19:26,22/04/2026
PZ08,160,0.0006,1.4782,19:27,22/04/2026
HZ19,160,0.0007,2.0472,19:27,22/04/2026
VZ29,160,0.0011,1.463,19:27,22/04/2026
S46,160,0.0012,1.2413,19:28,22/04/2026
PZ03,180,0.0007,2.1696,19:27,22/04/2026
U53,180,0.0014,2.936,19:27,22/04/2026
X03,180,0.0006,2.2121,19:28,22/04/2026
Q35,180,0.00074,2.639,19:45,22/04/2026
R21,180,0.0005,2.2121,19:46,22/04/2026
Z14,180,0.0012,2.2547,19:46,22/04/2026
PZ08,180,0.0005,1.4678,19:47,22/04/2026
HZ19,180,0.0007,2.0333,19:47,22/04/2026
VZ29,180,0.0010,1.4422,19:47,22/04/2026
S46,180,0.0012,1.2182,19:48,22/04/2026
PZ03,200,0.0007,2.1553,19:47,22/04/2026
U53,200,0.0015,2.907,19:47,22/04/2026
X03,200,0.0007,2.1986,19:48,22/04/2026
Q35,200,0.00087,2.6215,20:05,22/04/2026
R21,200,0.0006,2.2,20:06,22/04/2026
Z14,200,0.0013,2.2285,20:06,22/04/2026
PZ08,200,0.0006,1.4564,20:07,22/04/2026
HZ19,200,0.0008,2.0177,20:07,22/04/2026
VZ29,200,0.0011,1.4203,20:07,22/04/2026
S46,200,0.0010,1.1974,20:08,22/04/2026
PZ03,220,0.00066,2.1422,20:07,22/04/2026
U53,220,0.0014,2.8794,20:07,22/04/2026
X03,220,0.00067,2.1852,20:08,22/04/2026
Q35,220,0.00079,2.6057,20:25,22/04/2026
R21,220,0.0006,2.1885,20:26,22/04/2026
Z14,220,0.0012,2.2044,20:26,22/04/2026
PZ08,220,0.0005,1.4458,20:27,22/04/2026
HZ19,220,0.0007,2.0039,20:27,22/04/2026
VZ29,220,0.0011,1.3992,20:27,22/04/2026
S46,220,0.0011,1.1757,20:28,22/04/2026
PZ03,240,0.00071,2.1279,20:27,22/04/2026
U53,240,0.00136,2.8521,20:27,22/04/2026
X03,240,0.00064,2.1724,20:28,22/04/2026
Q35,240,0.00086,2.5885,20:45,22/04/2026
R21,240,0.00056,2.1773,20:46,22/04/2026
Z14,240,0.00127,2.1791,20:46,22/04/2026
PZ08,240,0.000535,1.4351,20:47,22/04/2026
HZ19,240,0.0007,1.9906,20:47,22/04/2026
VZ29,240,0.0010,1.3789,20:47,22/04/2026
S46,240,0.0010,1.1556,20:48,22/04/2026
PZ03,260,0.00063,2.1152,20:47,22/04/2026
U53,260,0.00135,2.8251,20:47,22/04/2026
X03,260,0.00062,2.16,20:48,22/04/2026
Q35,260,0.00084,2.5717,21:05,22/04/2026
R21,260,0.00061,2.1651,21:06,22/04/2026
Z14,260,0.00125,2.1542,21:06,22/04/2026
PZ08,260,0.000525,1.4246,21:07,22/04/2026
HZ19,260,0.0006,1.978,21:07,22/04/2026
VZ29,260,0.0010,1.3583,21:07,22/04/2026
S46,260,0.0010,1.1359,21:08,22/04/2026
CZ16,0,0.0000,1.4764,21:02,24/05/2026
VZ09,0,0.0000,1.1802,21:03,24/05/2026
W70,0,0.0000,2.4496,21:20,24/05/2026
R03,0,0.0000,1.9562,21:21,24/05/2026
VZ17,0,0.0000,1.316,21:21,24/05/2026
OZ03,0,0.0000,1.8498,21:22,24/05/2026
R27,0,0.0000,2.6338,21:22,24/05/2026
MZ04,0,0.0000,2.3558,21:22,24/05/2026
CZ03,0,0.0000,3.3722,21:23,24/05/2026
CZ16,20,0.0010,1.4561,21:22,24/05/2026
VZ09,20,0.0004,1.1729,21:23,24/05/2026
W70,20,0.0007,2.4356,21:40,24/05/2026
R03,20,0.0008,1.9392,21:41,24/05/2026
VZ17,20,0.0006,1.3031,21:41,24/05/2026
OZ03,20,0.0008,1.8338,21:42,24/05/2026
R27,20,0.0015,2.6046,21:42,24/05/2026
MZ04,20,0.0009,2.3382,21:42,24/05/2026
CZ03,20,0.0015,3.3419,21:43,24/05/2026
CZ16,40,0.0019,1.419,21:42,24/05/2026
VZ09,40,0.0003,1.1661,21:43,24/05/2026
W70,40,0.0009,2.4174,22:00,24/05/2026
R03,40,0.0007,1.9245,22:01,24/05/2026
VZ17,40,0.0006,1.2901,22:01,24/05/2026
OZ03,40,0.0009,1.8162,22:02,24/05/2026
R27,40,0.0014,2.5771,22:02,24/05/2026
MZ04,40,0.0009,2.3202,22:02,24/05/2026
CZ03,40,0.0014,3.3143,22:03,24/05/2026
CZ16,60,0.0013,1.393,22:02,24/05/2026
VZ09,60,0.0004,1.1589,22:03,24/05/2026
W70,60,0.0009,2.3992,22:20,24/05/2026
R03,60,0.0008,1.9076,22:21,24/05/2026
VZ17,60,0.0007,1.2768,22:21,24/05/2026
OZ03,60,0.0008,1.7994,22:22,24/05/2026
R27,60,0.0013,2.5505,22:22,24/05/2026
MZ04,60,0.0008,2.3037,22:22,24/05/2026
CZ03,60,0.0013,3.2891,22:23,24/05/2026
CZ16,80,0.0009,1.3743,22:22,24/05/2026
VZ09,80,0.0003,1.1524,22:23,24/05/2026
W70,80,0.0008,2.3827,22:40,24/05/2026
R03,80,0.0009,1.8889,22:41,24/05/2026
VZ17,80,0.0007,1.2624,22:41,24/05/2026
OZ03,80,0.0009,1.7819,22:42,24/05/2026
R27,80,0.0017,2.5172,22:42,24/05/2026
MZ04,80,0.0009,2.2852,22:42,24/05/2026
CZ03,80,0.0015,3.2593,22:43,24/05/2026
CZ16,100,0.0009,1.3565,22:42,24/05/2026
VZ09,100,0.0004,1.1451,22:43,24/05/2026
W70,100,0.0011,2.3614,23:00,24/05/2026
R03,100,0.0011,1.8667,23:01,24/05/2026
VZ17,100,0.0006,1.2494,23:01,24/05/2026
OZ03,100,0.0009,1.7645,23:02,24/05/2026
R27,100,0.0015,2.4869,23:02,24/05/2026
MZ04,100,0.0008,2.2685,23:02,24/05/2026
CZ03,100,0.0014,3.2318,23:03,24/05/2026
CZ16,120,0.0010,1.337,23:02,24/05/2026
VZ09,120,0.0004,1.1374,23:03,24/05/2026
W70,120,0.0013,2.3364,23:20,24/05/2026
R03,120,0.0010,1.8472,23:21,24/05/2026
VZ17,120,0.0006,1.2373,23:21,24/05/2026
OZ03,120,0.0008,1.7478,23:22,24/05/2026
R27,120,0.0014,2.4595,23:22,24/05/2026
MZ04,120,0.0009,2.25,23:22,24/05/2026
CZ03,120,0.0013,3.2063,23:23,24/05/2026
CZ16,140,0.0008,1.3207,23:22,24/05/2026
VZ09,140,0.0003,1.1309,23:23,24/05/2026
W70,140,0.0012,2.312,23:40,24/05/2026
R03,140,0.0007,1.8323,23:41,24/05/2026
VZ17,140,0.0006,1.2252,23:41,24/05/2026
OZ03,140,0.0007,1.7337,23:42,24/05/2026
R27,140,0.0013,2.4335,23:42,24/05/2026
MZ04,140,0.0008,2.2331,23:42,24/05/2026
CZ03,140,0.0013,3.1804,23:43,24/05/2026
CZ16,160,0.0009,1.3034,23:42,24/05/2026
VZ09,160,0.0004,1.1238,23:43,24/05/2026
W70,160,0.0008,2.2953,00:00,24/05/2026
R03,160,0.0008,1.8173,00:01,24/05/2026
VZ17,160,0.0006,1.2124,00:01,24/05/2026
OZ03,160,0.0008,1.7174,00:02,24/05/2026
R27,160,0.0013,2.4083,00:02,24/05/2026
MZ04,160,0.0009,2.2154,00:02,24/05/2026
CZ03,160,0.0013,3.1553,00:03,24/05/2026
CZ16,180,0.0008,1.2866,00:02,24/05/2026
VZ09,180,0.0003,1.1173,00:03,24/05/2026
W70,180,0.0008,2.2797,00:20,24/05/2026
R03,180,0.0007,1.8038,00:21,24/05/2026
VZ17,180,0.0006,1.2006,00:21,24/05/2026
OZ03,180,0.0008,1.7009,00:22,24/05/2026
R27,180,0.0013,2.3827,00:22,24/05/2026
MZ04,180,0.0008,2.1991,00:22,24/05/2026
CZ03,180,0.0012,3.1312,00:23,24/05/2026
CZ16,200,0.0008,1.2698,00:22,24/05/2026
VZ09,200,0.0003,1.1109,00:23,24/05/2026
W70,200,0.0008,2.2639,00:40,24/05/2026
R03,200,0.0006,1.791,00:41,24/05/2026
VZ17,200,0.0006,1.188,00:41,24/05/2026
OZ03,200,0.0007,1.686,00:42,24/05/2026
R27,200,0.0013,2.3559,00:42,24/05/2026
MZ04,200,0.0008,2.1836,00:42,24/05/2026
CZ03,200,0.0012,3.1071,00:43,24/05/2026
CZ16,220,0.0009,1.2526,00:42,24/05/2026
VZ09,220,0.0004,1.1038,00:43,24/05/2026
W70,220,0.0009,2.2466,01:00,24/05/2026
R03,220,0.0007,1.7777,01:01,24/05/2026
VZ17,220,0.0006,1.1764,01:01,24/05/2026
OZ03,220,0.0007,1.6711,01:02,24/05/2026
R27,220,0.0012,2.3329,01:02,24/05/2026
MZ04,220,0.0008,2.1678,01:02,24/05/2026
CZ03,220,0.0011,3.0856,01:03,24/05/2026
CZ16,240,0.0007,1.2382,01:02,24/05/2026
VZ09,240,0.0003,1.0977,01:03,24/05/2026
W70,240,0.0007,2.2328,01:20,24/05/2026
R03,240,0.0006,1.7662,01:21,24/05/2026
VZ17,240,0.0005,1.1654,01:21,24/05/2026
OZ03,240,0.0006,1.6582,01:22,24/05/2026
R27,240,0.0012,2.309,01:22,24/05/2026
MZ04,240,0.0006,2.1553,01:22,24/05/2026
CZ03,240,0.0011,3.0632,01:23,24/05/2026
CZ16,260,0.0007,1.2245,01:22,24/05/2026
VZ09,260,0.0003,1.0912,01:23,24/05/2026
W70,260,0.0007,2.2191,01:40,24/05/2026
R03,260,0.0005,1.7554,01:41,24/05/2026
VZ17,260,0.0005,1.155,01:41,24/05/2026
OZ03,260,0.0007,1.6448,01:42,24/05/2026
R27,260,0.0011,2.2874,01:42,24/05/2026
MZ04,260,0.0006,2.1428,01:42,24/05/2026
CZ03,260,0.0010,3.0428,01:43,24/05/2026
U33,0,0,2.8341,08:43,26/05/2026
LZ10,0,0,1.8412,01:34,26/05/2026
JZ08,0,0,2.9853,01:51,26/05/2026
S20,0,0,1.6089,01:52,26/05/2026
U10,0,0,1.4167,01:52,26/05/2026
Q38,0,0,0.9572,01:53,26/05/2026
UZ16,0,0,2.969,01:53,26/05/2026
Z06,0,0,1.5911,01:53,26/05/2026
AZ18,0,0,2.0272,01:54,26/05/2026
U33,20,0.001335,2.8074,09:03,26/05/2026
LZ10,20,0.00085,1.8242,01:54,26/05/2026
JZ08,20,0.001135,2.9626,02:11,26/05/2026
S20,20,0.001065,1.5876,02:12,26/05/2026
U10,20,0.00068,1.4031,02:12,26/05/2026
Q38,20,0.000405,0.9491,02:13,26/05/2026
UZ16,20,0.00098,2.9494,02:13,26/05/2026
Z06,20,0.00058,1.5795,02:13,26/05/2026
AZ18,20,0.00123,2.0026,02:14,26/05/2026
U33,40,0.001145,2.7845,09:23,26/05/2026
LZ10,40,0.000715,1.8099,02:14,26/05/2026
JZ08,40,0.00092,2.9442,02:31,26/05/2026
S20,40,0.001125,1.5651,02:32,26/05/2026
U10,40,0.000645,1.3902,02:32,26/05/2026
Q38,40,0.00041,0.9409,02:33,26/05/2026
UZ16,40,0.00099,2.9296,02:33,26/05/2026
Z06,40,0.000555,1.5684,02:33,26/05/2026
AZ18,40,0.00115,1.9796,02:34,26/05/2026
U33,60,0.001185,2.7608,09:43,26/05/2026
LZ10,60,0.00083,1.7933,02:34,26/05/2026
JZ08,60,0.00085,2.9272,02:51,26/05/2026
S20,60,0.00118,1.5415,02:52,26/05/2026
U10,60,0.00057,1.3788,02:52,26/05/2026
Q38,60,0.000385,0.9332,02:53,26/05/2026
UZ16,60,0.00083,2.913,02:53,26/05/2026
Z06,60,0.000505,1.5583,02:53,26/05/2026
AZ18,60,0.00118,1.956,02:54,26/05/2026
U33,80,0.00125,2.7358,10:03,26/05/2026
LZ10,80,0.00085,1.7763,02:54,26/05/2026
JZ08,80,0.00082,2.9108,03:11,26/05/2026
S20,80,0.001185,1.5178,03:12,26/05/2026
U10,80,0.00064,1.366,03:12,26/05/2026
Q38,80,0.000355,0.9261,03:13,26/05/2026
UZ16,80,0.0009,2.895,03:13,26/05/2026
Z06,80,0.000515,1.548,03:13,26/05/2026
AZ18,80,0.0011,1.934,03:14,26/05/2026
U33,100,0.00139,2.708,10:23,26/05/2026
LZ10,100,0.001035,1.7556,03:14,26/05/2026
JZ08,100,0.000865,2.8935,03:31,26/05/2026
S20,100,0.00106,1.4966,03:32,26/05/2026
U10,100,0.000815,1.3497,03:32,26/05/2026
Q38,100,0.000385,0.9184,03:33,26/05/2026
UZ16,100,0.00091,2.8768,03:33,26/05/2026
Z06,100,0.00049,1.5382,03:33,26/05/2026
AZ18,100,0.00117,1.9106,03:34,26/05/2026
U33,120,0.001805,2.6719,10:43,26/05/2026
LZ10,120,0.000915,1.7373,03:34,26/05/2026
JZ08,120,0.000695,2.8796,03:51,26/05/2026
S20,120,0.00086,1.4794,03:52,26/05/2026
U10,120,0.000545,1.3388,03:52,26/05/2026
Q38,120,0.000335,0.9117,03:53,26/05/2026
UZ16,120,0.000735,2.8621,03:53,26/05/2026
Z06,120,0.00053,1.5276,03:53,26/05/2026
AZ18,120,0.001105,1.8885,03:54,26/05/2026
U33,140,0.001545,2.641,11:03,26/05/2026
LZ10,140,0.000715,1.723,03:54,26/05/2026
JZ08,140,0.000775,2.8641,04:11,26/05/2026
S20,140,0.00095,1.4604,04:12,26/05/2026
U10,140,0.00063,1.3262,04:12,26/05/2026
Q38,140,0.000385,0.904,04:13,26/05/2026
UZ16,140,0.000855,2.845,04:13,26/05/2026
Z06,140,0.000565,1.5163,04:13,26/05/2026
AZ18,140,0.001085,1.8668,04:14,26/05/2026
U33,160,0.001275,2.6155,11:23,26/05/2026
LZ10,160,0.000635,1.7103,04:14,26/05/2026
JZ08,160,0.000725,2.8496,04:31,26/05/2026
S20,160,0.00087,1.443,04:32,26/05/2026
U10,160,0.0005,1.3162,04:32,26/05/2026
Q38,160,0.00035,0.897,04:33,26/05/2026
UZ16,160,0.00074,2.8302,04:33,26/05/2026
Z06,160,0.000535,1.5056,04:33,26/05/2026
AZ18,160,0.001155,1.8437,04:34,26/05/2026
U33,180,0.00105,2.5945,11:43,26/05/2026
LZ10,180,0.000495,1.7004,04:34,26/05/2026
JZ08,180,0.000615,2.8373,04:51,26/05/2026
S20,180,0.00083,1.4264,04:52,26/05/2026
U10,180,0.000555,1.3051,04:52,26/05/2026
Q38,180,0.0004,0.889,04:53,26/05/2026
UZ16,180,0.00082,2.8138,04:53,26/05/2026
Z06,180,0.00059,1.4938,04:53,26/05/2026
AZ18,180,0.001025,1.8232,04:54,26/05/2026
U33,200,0.00114,2.5717,12:03,26/05/2026
LZ10,200,0.00057,1.689,04:54,26/05/2026
JZ08,200,0.0007,2.8233,05:11,26/05/2026
S20,200,0.00081,1.4102,05:12,26/05/2026
U10,200,0.00054,1.2943,05:12,26/05/2026
Q38,200,0.000315,0.8827,05:13,26/05/2026
UZ16,200,0.00076,2.7986,05:13,26/05/2026
Z06,200,0.00056,1.4826,05:13,26/05/2026
AZ18,200,0.00106,1.802,05:14,26/05/2026
U33,220,0.001145,2.5488,12:23,26/05/2026
LZ10,220,0.00057,1.6776,05:14,26/05/2026
JZ08,220,0.000665,2.81,05:31,26/05/2026
S20,220,0.00083,1.3936,05:32,26/05/2026
U10,220,0.0005,1.2843,05:32,26/05/2026
Q38,220,0.000375,0.8752,05:33,26/05/2026
UZ16,220,0.00079,2.7828,05:33,26/05/2026
Z06,220,0.0005,1.4726,05:33,26/05/2026
AZ18,220,0.00106,1.7808,05:34,26/05/2026
U33,240,0.001175,2.5253,12:43,26/05/2026
LZ10,240,0.000555,1.6665,05:34,26/05/2026
JZ08,240,0.00063,2.7974,05:51,26/05/2026
S20,240,0.00079,1.3778,05:52,26/05/2026
U10,240,0.00054,1.2735,05:52,26/05/2026
Q38,240,0.000345,0.8683,05:53,26/05/2026
UZ16,240,0.000785,2.7671,05:53,26/05/2026
Z06,240,0.00059,1.4608,05:53,26/05/2026
AZ18,240,0.00106,1.7596,05:54,26/05/2026
U33,260,0.00117,2.5019,13:03,26/05/2026
LZ10,260,0.000515,1.6562,05:54,26/05/2026
JZ08,260,0.00062,2.785,06:11,26/05/2026
S20,260,0.00076,1.3626,06:12,26/05/2026
U10,260,0.000545,1.2626,06:12,26/05/2026
Q38,260,0.00037,0.8609,06:13,26/05/2026
UZ16,260,0.000775,2.7516,06:13,26/05/2026
Z06,260,0.00057,1.4494,06:13,26/05/2026
AZ18,260,0.000975,1.7401,06:14,26/05/2026
V05,0,0,1.9067,13:15,02/06/2026
W72,0,0,3.6525,06:06,02/06/2026
V24,0,0,3.1683,06:23,02/06/2026
S27,0,0,3.5981,06:24,02/06/2026
Q06,0,0,3.1215,06:24,02/06/2026
KZ16,0,0,2.3109,06:25,02/06/2026
MZ15,0,0,1.2423,06:25,02/06/2026
JZ09,0,0,2.2372,06:25,02/06/2026
UZ26,0,0,1.4586,06:26,02/06/2026
V05,20,0.001555,1.8756,13:35,02/06/2026
W72,20,0.00146,3.6233,06:26,02/06/2026
V24,20,0.00093,3.1497,06:43,02/06/2026
S27,20,0.0012,3.5741,06:44,02/06/2026
Q06,20,0.00065,3.1085,06:44,02/06/2026
KZ16,20,0.00068,2.2973,06:45,02/06/2026
MZ15,20,0.000875,1.2248,06:45,02/06/2026
JZ09,20,0.000935,2.2185,06:45,02/06/2026
UZ26,20,0.001,1.4386,06:46,02/06/2026
V05,40,0.001355,1.8485,13:55,02/06/2026
W72,40,0.0017,3.5893,06:46,02/06/2026
V24,40,0.00092,3.1313,07:03,02/06/2026
S27,40,0.00101,3.5539,07:04,02/06/2026
Q06,40,0.000715,3.0942,07:04,02/06/2026
KZ16,40,0.000835,2.2806,07:05,02/06/2026
MZ15,40,0.00092,1.2064,07:05,02/06/2026
JZ09,40,0.00093,2.1999,07:05,02/06/2026
UZ26,40,0.000875,1.4211,07:06,02/06/2026
V05,60,0.001445,1.8196,14:15,02/06/2026
W72,60,0.00179,3.5535,07:06,02/06/2026
V24,60,0.00101,3.1111,07:23,02/06/2026
S27,60,0.001125,3.5314,07:24,02/06/2026
Q06,60,0.00068,3.0806,07:24,02/06/2026
KZ16,60,0.000915,2.2623,07:25,02/06/2026
MZ15,60,0.000885,1.1887,07:25,02/06/2026
JZ09,60,0.00098,2.1803,07:25,02/06/2026
UZ26,60,0.0008,1.4051,07:26,02/06/2026
V05,80,0.00145,1.7906,14:35,02/06/2026
W72,80,0.002405,3.5054,07:26,02/06/2026
V24,80,0.00118,3.0875,07:43,02/06/2026
S27,80,0.00109,3.5096,07:44,02/06/2026
Q06,80,0.00067,3.0672,07:44,02/06/2026
KZ16,80,0.00121,2.2381,07:45,02/06/2026
MZ15,80,0.000935,1.17,07:45,02/06/2026
JZ09,80,0.000865,2.163,07:45,02/06/2026
UZ26,80,0.000775,1.3896,07:46,02/06/2026
V05,100,0.00124,1.7658,14:55,02/06/2026
W72,100,0.00231,3.4592,07:46,02/06/2026
V24,100,0.00159,3.0557,08:03,02/06/2026
S27,100,0.00147,3.4802,08:04,02/06/2026
Q06,100,0.000725,3.0527,08:04,02/06/2026
KZ16,100,0.00161,2.2059,08:05,02/06/2026
MZ15,100,0.000885,1.1523,08:05,02/06/2026
JZ09,100,0.000955,2.1439,08:05,02/06/2026
UZ26,100,0.000815,1.3733,08:06,02/06/2026
V05,120,0.00133,1.7392,15:15,02/06/2026
W72,120,0.001695,3.4253,08:06,02/06/2026
V24,120,0.00227,3.0103,08:23,02/06/2026
S27,120,0.00049,3.4704,08:24,02/06/2026
Q06,120,0.00069,3.0389,08:24,02/06/2026
KZ16,120,0.00107,2.1845,08:25,02/06/2026
MZ15,120,0.000885,1.1346,08:25,02/06/2026
JZ09,120,0.00086,2.1267,08:25,02/06/2026
UZ26,120,0.0008,1.3573,08:26,02/06/2026
V05,140,0.00134,1.7124,15:35,02/06/2026
W72,140,0.001425,3.3968,08:26,02/06/2026
V24,140,0.002235,2.9656,08:43,02/06/2026
S27,140,0.000965,3.4511,08:44,02/06/2026
Q06,140,0.000685,3.0252,08:44,02/06/2026
KZ16,140,0.00076,2.1693,08:45,02/06/2026
MZ15,140,0.000955,1.1155,08:45,02/06/2026
JZ09,140,0.00097,2.1073,08:45,02/06/2026
UZ26,140,0.00081,1.3411,08:46,02/06/2026
V05,160,0.001205,1.6883,15:55,02/06/2026
W72,160,0.00155,3.3658,08:46,02/06/2026
V24,160,0.00113,2.943,09:03,02/06/2026
S27,160,0.00098,3.4315,09:04,02/06/2026
Q06,160,0.000775,3.0097,09:04,02/06/2026
KZ16,160,0.00069,2.1555,09:05,02/06/2026
MZ15,160,0.00092,1.0971,09:05,02/06/2026
JZ09,160,0.000725,2.0928,09:05,02/06/2026
UZ26,160,0.000785,1.3254,09:06,02/06/2026
V05,180,0.001235,1.6636,16:15,02/06/2026
W72,180,0.001495,3.3359,09:06,02/06/2026
V24,180,0.00098,2.9234,09:23,02/06/2026
S27,180,0.001055,3.4104,09:24,02/06/2026
Q06,180,0.00076,2.9945,09:24,02/06/2026
KZ16,180,0.00066,2.1423,09:25,02/06/2026
MZ15,180,0.000915,1.0788,09:25,02/06/2026
JZ09,180,0.000835,2.0761,09:25,02/06/2026
UZ26,180,0.000865,1.3081,09:26,02/06/2026
V05,200,0.001205,1.6395,16:35,02/06/2026
W72,200,0.00147,3.3065,09:26,02/06/2026
V24,200,0.001005,2.9033,09:43,02/06/2026
S27,200,0.001015,3.3901,09:44,02/06/2026
Q06,200,0.00077,2.9791,09:44,02/06/2026
KZ16,200,0.000695,2.1284,09:45,02/06/2026
MZ15,200,0.00095,1.0598,09:45,02/06/2026
JZ09,200,0.000815,2.0598,09:45,02/06/2026
UZ26,200,0.00084,1.2913,09:46,02/06/2026
V05,220,0.001205,1.6154,16:55,02/06/2026
W72,220,0.00147,3.2771,09:46,02/06/2026
V24,220,0.00101,2.8831,10:03,02/06/2026
S27,220,0.001,3.3701,10:04,02/06/2026
Q06,220,0.000755,2.964,10:04,02/06/2026
KZ16,220,0.00071,2.1142,10:05,02/06/2026
MZ15,220,0.000995,1.0399,10:05,02/06/2026
JZ09,220,0.0008,2.0438,10:05,02/06/2026
UZ26,220,0.000845,1.2744,10:06,02/06/2026
V05,240,0.001225,1.5909,17:15,02/06/2026
W72,240,0.001475,3.2476,10:06,02/06/2026
V24,240,0.00094,2.8643,10:23,02/06/2026
S27,240,0.00104,3.3493,10:24,02/06/2026
Q06,240,0.000675,2.9505,10:24,02/06/2026
KZ16,240,0.00063,2.1016,10:25,02/06/2026
MZ15,240,0.0009,1.0219,10:25,02/06/2026
JZ09,240,0.00072,2.0294,10:25,02/06/2026
UZ26,240,0.000815,1.2581,10:26,02/06/2026
V05,260,0.001175,1.5674,17:35,02/06/2026
W72,260,0.00143,3.219,10:26,02/06/2026
V24,260,0.000985,2.8446,10:43,02/06/2026
S27,260,0.00097,3.3299,10:44,02/06/2026
Q06,260,0.00064,2.9377,10:44,02/06/2026
KZ16,260,0.00063,2.089,10:45,02/06/2026
MZ15,260,0.0009,1.0039,10:45,02/06/2026
JZ09,260,0.00065,2.0164,10:45,02/06/2026
UZ26,260,0.00081,1.2419,10:46,02/06/2026
